{"cameraMode":{"drawMode":0,"name":"Shaded","section":"Shading Mode"},"sceneLighting":false,"audioPlay":false,"sceneViewState":{"showFog":true,"showMaterialUpdate":false,"showSkybox":false,"showFlares":true,"showImageEffects":true,"showParticleSystems":true},"in2DMode":false,"pivot":{"x":-11.588101387023926,"y":-8.353134155273438,"z":-21.309965133666993},"rotation":{"x":0.04663146659731865,"y":-0.9517266750335693,"z":0.18383553624153138,"w":0.24141305685043336},"size":32.168190002441409,"orthographic":false}