{"cameraMode":{"drawMode":0,"name":"Shaded","section":"Shading Mode"},"sceneLighting":false,"audioPlay":false,"sceneViewState":{"showFog":true,"showMaterialUpdate":false,"showSkybox":false,"showFlares":true,"showImageEffects":true,"showParticleSystems":true},"in2DMode":false,"pivot":{"x":-17.98343276977539,"y":-5.536858558654785,"z":-12.076927185058594},"rotation":{"x":0.0741109699010849,"y":-0.8769780993461609,"z":0.1436053067445755,"w":0.4525794982910156},"size":28.188873291015626,"orthographic":false}