{"cameraMode":{"drawMode":0,"name":"Shaded","section":"Shading Mode"},"sceneLighting":true,"audioPlay":false,"sceneViewState":{"showFog":true,"showMaterialUpdate":false,"showSkybox":true,"showFlares":true,"showImageEffects":true,"showParticleSystems":true},"in2DMode":false,"pivot":{"x":189.77481079101563,"y":-116.93726348876953,"z":195.803955078125},"rotation":{"x":0.22829870879650117,"y":0.35511064529418948,"z":-0.08972285687923432,"w":0.9021868705749512},"size":296.34893798828127,"orthographic":false}